,id,listing_url,scrape_id,last_scraped,source,name,description,neighborhood_overview,picture_url,host_id,host_url,host_name,host_since,host_location,host_about,host_response_time,host_response_rate,host_acceptance_rate,host_is_superhost,host_thumbnail_url,host_picture_url,host_neighbourhood,host_listings_count,host_total_listings_count,host_verifications,host_has_profile_pic,host_identity_verified,neighbourhood,neighbourhood_cleansed,neighbourhood_group_cleansed,latitude,longitude,property_type,room_type,accommodates,bathrooms,bathrooms_text,bedrooms,beds,amenities,price,minimum_nights,maximum_nights,minimum_minimum_nights,maximum_minimum_nights,minimum_maximum_nights,maximum_maximum_nights,minimum_nights_avg_ntm,maximum_nights_avg_ntm,calendar_updated,has_availability,availability_30,availability_60,availability_90,availability_365,calendar_last_scraped,number_of_reviews,number_of_reviews_ltm,number_of_reviews_l30d,first_review,last_review,review_scores_rating,review_scores_accuracy,review_scores_cleanliness,review_scores_checkin,review_scores_communication,review_scores_location,review_scores_value,license,instant_bookable,calculated_host_listings_count,calculated_host_listings_count_entire_homes,calculated_host_listings_count_private_rooms,calculated_host_listings_count_shared_rooms,reviews_per_month
0,261065,https://www.airbnb.com/rooms/261065,20240915172945,2024-09-15,city scrape,Westboro Village Executive Suite,"A tastefully decorated and well equipped upper level apartment with a private walk-up entrance and free parking. In the heart of Westboro Village, one of Ottawa's most desirable neighbourhoods—Enjoy a central location without the hassles of downtown.","Westboro Village is a century-old community, and was once the heart of Nepean Township. The old stone town hall still proudly stands on Richmond Road, the original route westward from Bytown. Three blocks to the west is Maplelawn manor, Ottawa's second oldest building (built in 1831) and a National Historic site, which now houses a Keg steak restaurant and features a vintage walled garden open to the public.",https://a0.muscache.com/pictures/airflow/Hosting-261065/original/1c70ecf4-128d-49bf-ba53-65c514525d01.jpg,1369632,https://www.airbnb.com/users/show/1369632,Glenn,2011-11-04,"Ottawa, Canada","My adventurous spirit was awakened when I went on a three-month backpacking trip around Europe after I graduated from university. Each and every year since, I've made a point of travelling somewhere different and interesting. I later discovered my passion for bicycle touring and most of my journeys from 1994 on have been on two wheels. I enjoy meeting new people, and for me, welcoming guests to my home often feels like travelling without leaving the house.

I am an industrial designer by training, but I have specialized in exhibit and environmental graphic design. Most of my work is with the national museums in Ottawa and with the National Capital Commission. I have lived in Ottawa for over three decades and have acquired a fondness for Ottawa's history and culture and try my best to pass on its stories and traditions.

Living in an area that is a confluence of rivers and waterways, I am also an avid paddler. I enjoy taking people on a canoe or kayak out on the Ottawa River to experience its special spirit, or on the Rideau Canal for its rich heritage.",within an hour,100%,94%,t,https://a0.muscache.com/im/users/1369632/profile_pic/1371155770/original.jpg?aki_policy=profile_small,https://a0.muscache.com/im/users/1369632/profile_pic/1371155770/original.jpg?aki_policy=profile_x_medium,Carlingwood - McKellar Park - Laurentien View,1,1,"['email', 'phone']",t,t,Neighborhood highlights,Kitchissippi,,45.39084,-75.75621,Entire rental unit,Entire home/apt,4,1.0,1 bath,2.0,3.0,"[""Toaster"", ""Extra pillows and blankets"", ""Oven"", ""Dining table"", ""Free parking on premises"", ""TV with standard cable"", ""Air conditioning"", ""Free street parking"", ""Washer"", ""Indoor fireplace: gas"", ""Hair dryer"", ""Bidet"", ""Refrigerator"", ""Wifi"", ""Dryer"", ""Heating"", ""Body soap"", ""Private patio or balcony"", ""Shower gel"", ""Essentials"", ""Room-darkening shades"", ""Hot water kettle"", ""Bed linens"", ""Bathtub"", ""Coffee maker"", ""Shampoo"", ""Hangers"", ""Sound system"", ""Freezer"", ""Kitchen"", ""Wine glasses"", ""Drying rack for clothing"", ""Iron"", ""Stove"", ""Dishes and silverware"", ""Ethernet connection"", ""Microwave"", ""Blender"", ""Rice maker"", ""Dishwasher"", ""Clothing storage"", ""Baking sheet"", ""Dedicated workspace"", ""Cooking basics"", ""Hot water"", ""Carbon monoxide alarm"", ""Smoke alarm""]",$185.00,3,180,3,3,180,180,3.0,180.0,,t,2,2,2,131,2024-09-15,102,13,1,2011-12-24,2024-08-30,4.96,4.99,4.97,4.99,4.94,4.96,4.9,STR-825-691,f,1,1,0,0,0.66
1,290033,https://www.airbnb.com/rooms/290033,20240915172945,2024-09-15,city scrape,Rural charm close to the city,"Close to Strathmere and other wedding venues. Quiet, private and peaceful 5 acre lot to roam and spend time outside.",Most folks ask about Strathmere - we are less than 1 km away!,https://a0.muscache.com/pictures/3016522/1e453318_original.jpg,415201,https://www.airbnb.com/users/show/415201,Daniel,2011-02-28,"Ottawa, Canada","Working professional. Living with teenager. Living the country life in rural Ottawa, but like to travel as much as we can.",within an hour,100%,89%,f,https://a0.muscache.com/im/users/415201/profile_pic/1323882711/original.jpg?aki_policy=profile_small,https://a0.muscache.com/im/users/415201/profile_pic/1323882711/original.jpg?aki_policy=profile_x_medium,,1,1,"['email', 'phone']",t,t,Neighborhood highlights,Rideau-Goulbourn,,45.1682,-75.71208,Entire home,Entire home/apt,4,1.0,1 bath,2.0,2.0,"[""Ceiling fan"", ""Private backyard \u2013 Not fully fenced"", ""Children\u2019s books and toys for ages 5-10 years old and 10+ years old"", ""Toaster"", ""TV"", ""Outdoor furniture"", ""Central air conditioning"", ""Private sauna"", ""Extra pillows and blankets"", ""Oven"", ""Conditioner"", ""Dining table"", ""Free parking on premises"", ""Clothing storage: closet and dresser"", ""Hair dryer"", ""Refrigerator"", ""Portable fans"", ""Fire extinguisher"", ""Wifi"", ""Record player"", ""Garden view"", ""Heating"", ""BBQ grill"", ""Luggage dropoff allowed"", ""Cleaning products"", ""Body soap"", ""Books and reading material"", ""Private patio or balcony"", ""Fire pit"", ""Barbecue utensils"", ""Essentials"", ""Indoor fireplace"", ""Room-darkening shades"", ""Board games"", ""Hot water kettle"", ""Bed linens"", ""Outdoor dining area"", ""Bathtub"", ""Shampoo"", ""Hangers"", ""Piano"", ""Freezer"", ""Hammock"", ""Kitchen"", ""Wine glasses"", ""Stove"", ""Iron"", ""Coffee maker: drip coffee maker"", ""Dishes and silverware"", ""Microwave"", ""Blender"", ""Coffee"", ""Dishwasher"", ""Baking sheet"", ""Dedicated workspace"", ""First aid kit"", ""Cooking basics"", ""Hot water"", ""Carbon monoxide alarm"", ""Smoke alarm""]",$200.00,2,14,2,2,14,14,2.0,14.0,,t,29,59,89,269,2024-09-15,10,5,1,2013-02-19,2024-08-30,5.0,5.0,5.0,5.0,4.9,5.0,5.0,STR-834-339,f,1,1,0,0,0.07
2,490182,https://www.airbnb.com/rooms/490182,20240915172945,2024-09-15,city scrape,Basement Studio - Old Ottawa East,,"The worlds longest skating rink, a UNESCO heritage site, the Rideau Canal, is only a 5  minute walk. The General Hospital and CHEO on Smyth, are a 5 minute drive. Our neighborhood is very pedestrian and green. The nearby Brentwood park features open air tennis courts.",https://a0.muscache.com/pictures/5a7e6363-5b91-42c5-aa1e-a7a65653bb9f.jpg,2401179,https://www.airbnb.com/users/show/2401179,Ela,2012-05-17,"Ottawa, Canada","We love to slow travel throughout the world without a strict itinerary, taking time to discover and immerse ourselves in the rich cultures, customs, languages and architecture of the countries we visit. We are always humbled by what we learn.",within an hour,100%,98%,f,https://a0.muscache.com/im/users/2401179/profile_pic/1359319135/original.jpg?aki_policy=profile_small,https://a0.muscache.com/im/users/2401179/profile_pic/1359319135/original.jpg?aki_policy=profile_x_medium,,4,5,"['email', 'phone']",t,t,Neighborhood highlights,Capital,,45.4055,-75.67612,Private room in home,Private room,1,1.0,1 private bath,1.0,1.0,"[""Toaster"", ""Long term stays allowed"", ""Extra pillows and blankets"", ""Oven"", ""Host greets you"", ""Pantene conditioner"", ""TV with standard cable"", ""Free street parking"", ""Clothing storage: closet and dresser"", ""Hair dryer"", ""Refrigerator"", ""Portable fans"", ""Lock on bedroom door"", ""Fire extinguisher"", ""Wifi"", ""Garden view"", ""Heating"", ""Luggage dropoff allowed"", ""Cleaning products"", ""Shower gel"", ""Pantene shampoo"", ""Essentials"", ""Room-darkening shades"", ""Dove body soap"", ""Induction stove"", ""Hot water kettle"", ""Private entrance"", ""Bed linens"", ""Free washer \u2013 In building"", ""Coffee maker"", ""Hangers"", ""Mini fridge"", ""Freezer"", ""Kitchen"", ""Exterior security cameras on property"", ""Wine glasses"", ""Drying rack for clothing"", ""Iron"", ""Dishes and silverware"", ""Ethernet connection"", ""Microwave"", ""Blender"", ""Baking sheet"", ""Free dryer \u2013 In building"", ""Dedicated workspace"", ""Cooking basics"", ""Hot water"", ""Carbon monoxide alarm"", ""Smoke alarm""]",$73.00,30,365,30,30,365,365,30.0,365.0,,t,0,0,0,77,2024-09-15,9,0,0,2018-04-29,2022-09-27,5.0,5.0,5.0,5.0,5.0,4.89,4.78,,f,1,0,1,0,0.12
3,674799,https://www.airbnb.com/rooms/674799,20240915172945,2024-09-15,city scrape,"Private entrance apartment, 3-bdrm - up to 8 guest","GREAT for a family or a group. The apt. is lower level of our house. <br /><br />No party, no smoke in the Apt. No breakfast provided.<br /><br />Kitchen, bathroom, eating & living areas, 3 bedrooms, 3 queen beds, plus 1 single bed & 1 futon of double size.<br /><br />Safe & quiet neighborhood; Buses nearby, driveway parking for 2 cars, and street parking. Internet included. <br /><br />Please introduce yourself and other guests - age, gender, relationships, smoking? As your host, we would like to know you before open our door. Thanks","Backstreet, small family oriented, peaceful, clean and quiet",https://a0.muscache.com/pictures/39672e5f-36f6-45d3-ae0b-d18716befba0.jpg,2058676,https://www.airbnb.com/users/show/2058676,William,2012-04-02,"Ottawa, Canada","We have been living in Ottawa for years. I work for Canadian government. We are a big family who loves traveling and talking with people . We used Airbnb a lot therefore  understand what travelers need the most. We would  provide the best services. Our place is clean, safe and quiet. 

We believe using Airbnb is like making friends worldwide. Please introduce yourself, what brings you to Ottawa, where you are from, age, smoking or not, etc...",within a few hours,100%,80%,t,https://a0.muscache.com/im/pictures/user/92bb7628-d41f-4ab9-9504-87032baa65fb.jpg?aki_policy=profile_small,https://a0.muscache.com/im/pictures/user/92bb7628-d41f-4ab9-9504-87032baa65fb.jpg?aki_policy=profile_x_medium,,1,8,['phone'],t,t,Neighborhood highlights,Gloucester-South Nepean,,45.2691,-75.72197,Entire home,Entire home/apt,8,1.0,1 bath,5.0,4.0,"[""Toaster"", ""Host greets you"", ""Free parking on premises"", ""Air conditioning"", ""Hair dryer"", ""Refrigerator"", ""Fire extinguisher"", ""Wifi"", ""Heating"", ""Essentials"", ""Induction stove"", ""Shampoo"", ""Hangers"", ""Kitchen"", ""Exterior security cameras on property"", ""Wine glasses"", ""Iron"", ""Dishes and silverware"", ""Microwave"", ""Rice maker"", ""Dedicated workspace"", ""First aid kit"", ""Cooking basics"", ""Hot water"", ""Carbon monoxide alarm"", ""Smoke alarm""]",$66.00,1,90,1,2,90,90,1.3,90.0,,t,27,57,87,362,2024-09-15,91,37,4,2013-07-02,2024-09-11,4.7,4.69,4.78,4.84,4.87,4.73,4.63,STR-827-424,f,1,1,0,0,0.67
4,682632,https://www.airbnb.com/rooms/682632,20240915172945,2024-09-15,city scrape,"Adorable 2 bdrm, Central Ottawa PD1","This an adorable property with two bedrooms, full bathroom, kitchen with island bar and dining table, living room, summer sun room, backyard patio and deck and garden. A lovely boutique property at 800 sq feet suits a couple perfectly:)<br /><br />We prefer guests who have Airbnb references.","This is one of the trediest, most walkable neighbourhoods in Ottawa. Close to shops, restaurants, bike and walking paths, beaches, live theatre, art galleries...it is a great location to enjoy Ottawa from.",https://a0.muscache.com/pictures/3dac520b-19e2-4f13-a1a5-6729b4e571f9.jpg,3201295,https://www.airbnb.com/users/show/3201295,Greg And Valerie,2012-08-08,"Ottawa, Canada","Hi! I'm Greg, Calgary born and happily transplanted to Ottawa. Educated and employed as an Economist,  I am also a trained Heritage Carpenter.  Owning and maintaining real estate is a passion of mine.  Giving back to the community is important to me and our business is a ""Champion of Hope"" financial donor for a local men's shelter in Ottawa, Ontario. 

Hi! I'm Valerie, and have been living in Ottawa for most of my life. My professional background is international development with a focus on finance and project management. I have toured the world - 200 cities in 61 countries - and I love to explore, travel, eat, cook and read.  My very first trip was to Haiti and my latest expedition was a fabulous  South African safari.  I am also a Personal Travel Designer and I love both five star journeys and budget backpacking.  My favourite poem is Invictus,  and I would describe myself as lucky, blessed, happy, a foodie, an early adopter, endlessly curious,  the wife of Greg and the mother of two fabulous daughters - who are global citizens.  

We feel very fortunate to be able to host so many wonderful guests in Ottawa. 

Cheers and hope to see you soon! 
Greg and Valerie 



 

",within an hour,100%,93%,f,https://a0.muscache.com/im/users/3201295/profile_pic/1422556870/original.jpg?aki_policy=profile_small,https://a0.muscache.com/im/users/3201295/profile_pic/1422556870/original.jpg?aki_policy=profile_x_medium,Braemar Park - Bel Air Heights - Copeland Park,6,8,"['email', 'phone', 'work_email']",t,t,Neighborhood highlights,Kitchissippi,,45.40455,-75.7313,Entire home,Entire home/apt,4,1.0,1 bath,2.0,2.0,"[""Toaster"", ""Outdoor furniture"", ""Long term stays allowed"", ""Central air conditioning"", ""Self check-in"", ""Extra pillows and blankets"", ""Shared patio or balcony"", ""Oven"", ""Shared backyard \u2013 Fully fenced"", ""Free parking on premises"", ""42 inch HDTV with standard cable"", ""Free street parking"", ""Hair dryer"", ""Refrigerator"", ""Fire extinguisher"", ""Wifi"", ""Stainless steel electric stove"", ""Heating"", ""BBQ grill"", ""Cleaning products"", ""Body soap"", ""Barbecue utensils"", ""Essentials"", ""Free dryer \u2013 In unit"", ""Private entrance"", ""Bed linens"", ""Outdoor dining area"", ""Keypad"", ""Coffee maker"", ""Free washer \u2013 In unit"", ""Hangers"", ""Kitchen"", ""Wine glasses"", ""Iron"", ""Dishes and silverware"", ""Microwave"", ""Dishwasher"", ""Clothing storage"", ""Baking sheet"", ""Dedicated workspace"", ""First aid kit"", ""Cooking basics"", ""Hot water"", ""Carbon monoxide alarm"", ""Smoke alarm""]",$91.00,31,1125,31,31,1125,1125,31.0,1125.0,,t,2,7,7,196,2024-09-15,9,2,0,2015-10-25,2024-05-11,4.78,4.78,4.89,4.89,4.89,4.89,4.78,,f,6,3,3,0,0.08
5,682634,https://www.airbnb.com/rooms/682634,20240915172945,2024-09-15,city scrape,Highly desirable Ottawa & Wellington Village West!,"This property is located in one of the most desirable Ottawa neighbourhoods. It is a great property with a private rooftop patio with nice views of Centre/West Ottawa and the Gatineau Hills.  Quick and easy access to public transit, amenities of every kind within a five minute walk make this location one that people really enjoy.  Our guests tell us that their stay here is wonderful, that they love the property, it's location in terms of an easy walk to everything they need. Moments to downtown.","It is one of the best neighbourhoods in @Ottawa - @Wellington Village West - close to downtown, walking distance to shops, restaurants, live theatre, art galleries, bakeries...it is a fabulous neighbourhood!",https://a0.muscache.com/pictures/b15917ba-a19a-414e-87d0-5f20753f0eb0.jpg,3201295,https://www.airbnb.com/users/show/3201295,Greg And Valerie,2012-08-08,"Ottawa, Canada","Hi! I'm Greg, Calgary born and happily transplanted to Ottawa. Educated and employed as an Economist,  I am also a trained Heritage Carpenter.  Owning and maintaining real estate is a passion of mine.  Giving back to the community is important to me and our business is a ""Champion of Hope"" financial donor for a local men's shelter in Ottawa, Ontario. 

Hi! I'm Valerie, and have been living in Ottawa for most of my life. My professional background is international development with a focus on finance and project management. I have toured the world - 200 cities in 61 countries - and I love to explore, travel, eat, cook and read.  My very first trip was to Haiti and my latest expedition was a fabulous  South African safari.  I am also a Personal Travel Designer and I love both five star journeys and budget backpacking.  My favourite poem is Invictus,  and I would describe myself as lucky, blessed, happy, a foodie, an early adopter, endlessly curious,  the wife of Greg and the mother of two fabulous daughters - who are global citizens.  

We feel very fortunate to be able to host so many wonderful guests in Ottawa. 

Cheers and hope to see you soon! 
Greg and Valerie 



 

",within an hour,100%,93%,f,https://a0.muscache.com/im/users/3201295/profile_pic/1422556870/original.jpg?aki_policy=profile_small,https://a0.muscache.com/im/users/3201295/profile_pic/1422556870/original.jpg?aki_policy=profile_x_medium,Braemar Park - Bel Air Heights - Copeland Park,6,8,"['email', 'phone', 'work_email']",t,t,Neighborhood highlights,Kitchissippi,,45.4003,-75.73144,Entire townhouse,Entire home/apt,4,1.0,1 bath,2.0,2.0,"[""Toaster"", ""Outdoor furniture"", ""Long term stays allowed"", ""Central air conditioning"", ""Self check-in"", ""Dining table"", ""Stainless steel gas stove"", ""48 inch HDTV with premium cable, standard cable"", ""Free street parking"", ""Hair dryer"", ""Refrigerator"", ""Fire extinguisher"", ""Wifi"", ""BBQ grill"", ""Clothing storage: walk-in closet, closet, wardrobe, and dresser"", ""Cleaning products"", ""Body soap"", ""Books and reading material"", ""Private patio or balcony"", ""Shower gel"", ""Barbecue utensils"", ""Essentials"", ""Free dryer \u2013 In unit"", ""Room-darkening shades"", ""Private entrance"", ""Hot water kettle"", ""Bed linens"", ""Outdoor dining area"", ""Keypad"", ""Bathtub"", ""Coffee maker"", ""Shampoo"", ""Free washer \u2013 In unit"", ""Free driveway parking on premises \u2013 1 space"", ""Hangers"", ""Indoor fireplace: electric"", ""Dual oven stainless steel oven"", ""Shared beach access"", ""Freezer"", ""Kitchen"", ""Wine glasses"", ""Drying rack for clothing"", ""Iron"", ""Dishes and silverware"", ""Ethernet connection"", ""Microwave"", ""Blender"", ""Dishwasher"", ""Private backyard \u2013 Fully fenced"", ""Baking sheet"", ""City skyline view"", ""Dedicated workspace"", ""Cooking basics"", ""Hot water"", ""Central heating"", ""Carbon monoxide alarm"", ""Smoke alarm""]",$129.00,31,1125,1,31,1125,1125,30.9,1125.0,,t,0,0,0,136,2024-09-15,11,3,0,2015-03-09,2024-08-01,4.91,4.91,4.91,5.0,5.0,4.91,4.64,Exempt,t,6,3,3,0,0.09
22,2374455,https://www.airbnb.com/rooms/2374455,20240915172945,2024-09-15,city scrape,Charming Eurostyle apartment! PD2,"This charming and perfectly outfitted one bedroom is located in a trendy, urban, neighbourhood with a plethora of shops, fantastic restaurants, theatre, art galleries, food stores, parks, bicycling and walking paths and beaches nearby.<br /><br />This property is only suitable for a single person or a couple. Children and pets are unsuited for this space.<br /><br />This is the upper unit of a duplex/up & down unit. It is entirely private with its own entrance. Shared space is patio and driveway ONLY.","This is the Ottawa neighbourhood to live in! This property has a walk score of 93 which is considered a ""Walker's Paradise"", a Transit Score of 86 which is considered ""excellent"", and a Bike Score of 100!.  Shops, restaurants, live  theatre starts with a short walk of two blocks away.",https://a0.muscache.com/pictures/31634619/d6e456a4_original.jpg,3201295,https://www.airbnb.com/users/show/3201295,Greg And Valerie,2012-08-08,"Ottawa, Canada","Hi! I'm Greg, Calgary born and happily transplanted to Ottawa. Educated and employed as an Economist,  I am also a trained Heritage Carpenter.  Owning and maintaining real estate is a passion of mine.  Giving back to the community is important to me and our business is a ""Champion of Hope"" financial donor for a local men's shelter in Ottawa, Ontario. 

Hi! I'm Valerie, and have been living in Ottawa for most of my life. My professional background is international development with a focus on finance and project management. I have toured the world - 200 cities in 61 countries - and I love to explore, travel, eat, cook and read.  My very first trip was to Haiti and my latest expedition was a fabulous  South African safari.  I am also a Personal Travel Designer and I love both five star journeys and budget backpacking.  My favourite poem is Invictus,  and I would describe myself as lucky, blessed, happy, a foodie, an early adopter, endlessly curious,  the wife of Greg and the mother of two fabulous daughters - who are global citizens.  

We feel very fortunate to be able to host so many wonderful guests in Ottawa. 

Cheers and hope to see you soon! 
Greg and Valerie 



 

",within an hour,100%,93%,f,https://a0.muscache.com/im/users/3201295/profile_pic/1422556870/original.jpg?aki_policy=profile_small,https://a0.muscache.com/im/users/3201295/profile_pic/1422556870/original.jpg?aki_policy=profile_x_medium,Braemar Park - Bel Air Heights - Copeland Park,6,8,"['email', 'phone', 'work_email']",t,t,Neighborhood highlights,Kitchissippi,,45.40387,-75.73097,Entire rental unit,Entire home/apt,2,1.0,1 bath,1.0,1.0,"[""Outdoor furniture"", ""Long term stays allowed"", ""Central air conditioning"", ""Coffee maker: pour-over coffee"", ""Extra pillows and blankets"", ""Shared patio or balcony"", ""Self check-in"", ""Oven"", ""Conditioner"", ""Shared backyard \u2013 Fully fenced"", ""42 inch HDTV with standard cable"", ""Hair dryer"", ""Refrigerator"", ""Portable fans"", ""Fire extinguisher"", ""Wifi"", ""Stainless steel electric stove"", ""Heating"", ""BBQ grill"", ""Window AC unit"", ""Body soap"", ""Shower gel"", ""Barbecue utensils"", ""Essentials"", ""Free dryer \u2013 In unit"", ""Private entrance"", ""Bed linens"", ""Outdoor dining area"", ""Keypad"", ""Shampoo"", ""Free washer \u2013 In unit"", ""Free driveway parking on premises \u2013 1 space"", ""Hangers"", ""Kitchen"", ""Iron"", ""Dishes and silverware"", ""Microwave"", ""Dishwasher"", ""Baking sheet"", ""Dedicated workspace"", ""Cooking basics"", ""Hot water"", ""Carbon monoxide alarm"", ""Smoke alarm""]",$80.00,31,730,31,31,1125,1125,31.0,1125.0,,t,0,0,0,256,2024-09-15,20,3,0,2015-09-19,2024-08-01,4.75,4.85,4.85,4.85,4.95,4.7,4.75,,f,6,3,3,0,0.18
100,11515667,https://www.airbnb.com/rooms/11515667,20240915172945,2024-09-15,city scrape,CoHabit w/young professionals Ottawa ED 3,"Co-Habit Erindale – Great location, quiet neighbourhood, west of downtown, private and secure guestroom! This property is best suited for guests between the ages of 25-38. Co-ed. Accommodates 4 young professionals in 1800 sq feet.<br /><br />Single accommodation only.<br /><br />Large comfortable property with highspeed internet, and lovely backyard with deck and plenty of space for working from home. Although a shared property we are limiting the number of guests during 2020. Please message us for details.","Great, quiet, safe, mature residential neighbourhood within walking distance to amenities, good public transit to downtown, Centretown, West or East Ottawa.",https://a0.muscache.com/pictures/61edfb5e-87de-496e-b834-029280424495.jpg,3201295,https://www.airbnb.com/users/show/3201295,Greg And Valerie,2012-08-08,"Ottawa, Canada","Hi! I'm Greg, Calgary born and happily transplanted to Ottawa. Educated and employed as an Economist,  I am also a trained Heritage Carpenter.  Owning and maintaining real estate is a passion of mine.  Giving back to the community is important to me and our business is a ""Champion of Hope"" financial donor for a local men's shelter in Ottawa, Ontario. 

Hi! I'm Valerie, and have been living in Ottawa for most of my life. My professional background is international development with a focus on finance and project management. I have toured the world - 200 cities in 61 countries - and I love to explore, travel, eat, cook and read.  My very first trip was to Haiti and my latest expedition was a fabulous  South African safari.  I am also a Personal Travel Designer and I love both five star journeys and budget backpacking.  My favourite poem is Invictus,  and I would describe myself as lucky, blessed, happy, a foodie, an early adopter, endlessly curious,  the wife of Greg and the mother of two fabulous daughters - who are global citizens.  

We feel very fortunate to be able to host so many wonderful guests in Ottawa. 

Cheers and hope to see you soon! 
Greg and Valerie 



 

",within an hour,100%,93%,f,https://a0.muscache.com/im/users/3201295/profile_pic/1422556870/original.jpg?aki_policy=profile_small,https://a0.muscache.com/im/users/3201295/profile_pic/1422556870/original.jpg?aki_policy=profile_x_medium,Braemar Park - Bel Air Heights - Copeland Park,6,8,"['email', 'phone', 'work_email']",t,t,Neighborhood highlights,College,,45.36032956889715,-75.74763617983916,Private room in home,Private room,1,2.0,2 shared baths,1.0,1.0,"[""Outdoor furniture"", ""Long term stays allowed"", ""Central air conditioning"", ""Self check-in"", ""Extra pillows and blankets"", ""Oven"", ""Free parking on premises"", ""Free street parking"", ""Hair dryer"", ""Refrigerator"", ""Lock on bedroom door"", ""Fire extinguisher"", ""Wifi"", ""Heating"", ""Private patio or balcony"", ""Essentials"", ""Free dryer \u2013 In unit"", ""Private entrance"", ""Private living room"", ""Bed linens"", ""Outdoor dining area"", ""Keypad"", ""Coffee maker"", ""72 inch HDTV with premium cable"", ""Free washer \u2013 In unit"", ""Hangers"", ""Kitchen"", ""Iron"", ""Dishes and silverware"", ""Microwave"", ""Dishwasher"", ""Private backyard \u2013 Fully fenced"", ""Electric stove"", ""Dedicated workspace"", ""First aid kit"", ""Cooking basics"", ""Hot water"", ""Carbon monoxide alarm"", ""Smoke alarm""]",$29.00,60,200,60,60,200,200,60.0,200.0,,t,1,31,33,258,2024-09-15,12,1,0,2016-04-11,2024-03-23,4.67,4.58,4.42,4.58,4.92,4.42,4.25,,f,6,3,3,0,0.12
135,14495314,https://www.airbnb.com/rooms/14495314,20240915172945,2024-09-15,city scrape,Co-habit w/young professionals Ottawa  ED 1,"Erindale is located in Ottawa Centre/West close to  RCMP, Health Canada at Riverside, Riverside Drive, Baseline Road, Algonquin College, College Square.  The property is 1,800 sq ft shared between 4  professionals in rooms with door locks.  Two bathrooms (shared), a completely equipped kitchen, two fridges, bed and bath linens, lovely decor and furnishings, an on site washer and dryer, backyard deck with eating space and sun loungers, parking, and winter snow removal and summer landscaping.","This is a mature, residential neighbourhood located in Central/West Ottawa. It is close to bike paths that travel throughout the City of Ottawa. It is approximately 30 minutes to Westboro/Wellington Village & Little Italy, and 45 minutes to downtown Ottawa along the lovely Rideau Canal.",https://a0.muscache.com/pictures/42b156b9-d8de-49a1-9cfa-d7138f32aa89.jpg,3201295,https://www.airbnb.com/users/show/3201295,Greg And Valerie,2012-08-08,"Ottawa, Canada","Hi! I'm Greg, Calgary born and happily transplanted to Ottawa. Educated and employed as an Economist,  I am also a trained Heritage Carpenter.  Owning and maintaining real estate is a passion of mine.  Giving back to the community is important to me and our business is a ""Champion of Hope"" financial donor for a local men's shelter in Ottawa, Ontario. 

Hi! I'm Valerie, and have been living in Ottawa for most of my life. My professional background is international development with a focus on finance and project management. I have toured the world - 200 cities in 61 countries - and I love to explore, travel, eat, cook and read.  My very first trip was to Haiti and my latest expedition was a fabulous  South African safari.  I am also a Personal Travel Designer and I love both five star journeys and budget backpacking.  My favourite poem is Invictus,  and I would describe myself as lucky, blessed, happy, a foodie, an early adopter, endlessly curious,  the wife of Greg and the mother of two fabulous daughters - who are global citizens.  

We feel very fortunate to be able to host so many wonderful guests in Ottawa. 

Cheers and hope to see you soon! 
Greg and Valerie 



 

",within an hour,100%,93%,f,https://a0.muscache.com/im/users/3201295/profile_pic/1422556870/original.jpg?aki_policy=profile_small,https://a0.muscache.com/im/users/3201295/profile_pic/1422556870/original.jpg?aki_policy=profile_x_medium,Braemar Park - Bel Air Heights - Copeland Park,6,8,"['email', 'phone', 'work_email']",t,t,Neighborhood highlights,College,,45.36032956889715,-75.74763617983916,Private room in home,Private room,1,2.0,2 shared baths,1.0,1.0,"[""Outdoor furniture"", ""Self check-in"", ""Central air conditioning"", ""Free parking on premises"", ""Hair dryer"", ""Refrigerator"", ""72 inch HDTV with standard cable"", ""Lock on bedroom door"", ""Fire extinguisher"", ""Wifi"", ""Heating"", ""BBQ grill"", ""Private patio or balcony"", ""Essentials"", ""Free dryer \u2013 In unit"", ""Washer \u2013\u00a0In unit"", ""Private entrance"", ""Outdoor dining area"", ""Keypad"", ""Coffee maker"", ""Hangers"", ""Kitchen"", ""Iron"", ""Dishes and silverware"", ""Private backyard \u2013 Fully fenced"", ""Dedicated workspace"", ""Cooking basics"", ""Hot water"", ""Carbon monoxide alarm"", ""Smoke alarm""]",$30.00,60,200,60,60,200,200,60.0,200.0,,t,0,0,0,256,2024-09-15,6,0,0,2017-05-31,2020-10-05,4.5,5.0,4.17,5.0,4.83,4.83,4.83,,f,6,3,3,0,0.07
219,18820761,https://www.airbnb.com/rooms/18820761,20240915172945,2024-09-15,city scrape,"800 SF.Chinatown,2nd floor duplex,1 Br",Chinatown and little Italy,,https://a0.muscache.com/pictures/b7fa47a4-5be3-4fec-bbbf-7a4f56e3d1d6.jpg,45396448,https://www.airbnb.com/users/show/45396448,William,2015-09-29,"Ottawa, Canada",,within an hour,100%,98%,t,https://a0.muscache.com/im/users/45396448/profile_pic/1443570402/original.jpg?aki_policy=profile_small,https://a0.muscache.com/im/users/45396448/profile_pic/1443570402/original.jpg?aki_policy=profile_x_medium,,1,1,"['email', 'phone']",t,t,,Somerset,,45.40904,-75.70581,Entire rental unit,Entire home/apt,2,1.0,1 bath,1.0,1.0,"[""TV"", ""Self check-in"", ""Oven"", ""Dining table"", ""Free parking on premises"", ""Lockbox"", ""Hair dryer"", ""Refrigerator"", ""Wifi"", ""Heating"", ""Window AC unit"", ""Essentials"", ""Private entrance"", ""Coffee maker"", ""Shampoo"", ""Hangers"", ""Kitchen"", ""Stove"", ""Dishes and silverware"", ""Microwave"", ""Dedicated workspace"", ""Hot water"", ""Carbon monoxide alarm"", ""Smoke alarm""]",$132.00,1,1125,1,1,1125,1125,1.0,1125.0,,t,10,21,37,37,2024-09-15,289,69,10,2019-04-14,2024-09-12,4.93,4.96,4.96,4.99,4.97,4.88,4.85,STR-826-388,f,1,1,0,0,4.37
549,38729312,https://www.airbnb.com/rooms/38729312,20240915172945,2024-09-15,previous scrape,Co-habit w/young professionals Ottawa ED2,"Nicely furnished, comfortable and updated 1800 sq ft house that accommodates 4 young professionals.  This house is located in a safe, residential neighbourhood in the Central/West part of Ottawa close to transit. Parking is available. Laundry is onsite.","This is a safe, secure and mature neighbourhood with excellent transit options and walking access - 12 - 20 minutes - to food stores, banks, pharmacies, clothing, restaurants. Public transit is good and reliable from this address. Bike paths that will take you throughout Ottawa are also easily accessible from here.",https://a0.muscache.com/pictures/2ba0665f-f4dc-49eb-92ce-0fb96f9ea331.jpg,3201295,https://www.airbnb.com/users/show/3201295,Greg And Valerie,2012-08-08,"Ottawa, Canada","Hi! I'm Greg, Calgary born and happily transplanted to Ottawa. Educated and employed as an Economist,  I am also a trained Heritage Carpenter.  Owning and maintaining real estate is a passion of mine.  Giving back to the community is important to me and our business is a ""Champion of Hope"" financial donor for a local men's shelter in Ottawa, Ontario. 

Hi! I'm Valerie, and have been living in Ottawa for most of my life. My professional background is international development with a focus on finance and project management. I have toured the world - 200 cities in 61 countries - and I love to explore, travel, eat, cook and read.  My very first trip was to Haiti and my latest expedition was a fabulous  South African safari.  I am also a Personal Travel Designer and I love both five star journeys and budget backpacking.  My favourite poem is Invictus,  and I would describe myself as lucky, blessed, happy, a foodie, an early adopter, endlessly curious,  the wife of Greg and the mother of two fabulous daughters - who are global citizens.  

We feel very fortunate to be able to host so many wonderful guests in Ottawa. 

Cheers and hope to see you soon! 
Greg and Valerie 



 

",within an hour,100%,93%,f,https://a0.muscache.com/im/users/3201295/profile_pic/1422556870/original.jpg?aki_policy=profile_small,https://a0.muscache.com/im/users/3201295/profile_pic/1422556870/original.jpg?aki_policy=profile_x_medium,Braemar Park - Bel Air Heights - Copeland Park,6,8,"['email', 'phone', 'work_email']",t,t,Neighborhood highlights,College,,45.35996,-75.74846,Private room in home,Private room,1,,2 shared baths,,,"[""Outdoor furniture"", ""Long term stays allowed"", ""Central air conditioning"", ""Self check-in"", ""Extra pillows and blankets"", ""Shared patio or balcony"", ""Oven"", ""Free parking on premises"", ""Hair dryer"", ""Refrigerator"", ""Lock on bedroom door"", ""Fire extinguisher"", ""Wifi"", ""Heating"", ""Essentials"", ""Free dryer \u2013 In unit"", ""Private entrance"", ""Bed linens"", ""Outdoor dining area"", ""Keypad"", ""Coffee maker"", ""72 inch HDTV with premium cable"", ""Free washer \u2013 In unit"", ""Hangers"", ""Kitchen"", ""Iron"", ""Dishes and silverware"", ""Microwave"", ""Dishwasher"", ""Private backyard \u2013 Fully fenced"", ""Electric stove"", ""Dedicated workspace"", ""Cooking basics"", ""Hot water"", ""Carbon monoxide alarm"", ""Smoke alarm""]",,60,200,60,60,200,200,60.0,200.0,,t,0,0,0,14,2024-09-15,2,1,1,2023-08-26,2024-08-18,5.0,5.0,4.5,5.0,4.5,4.5,4.5,,f,6,3,3,0,0.16
871,52057659,https://www.airbnb.com/rooms/52057659,20240915172945,2024-09-15,city scrape,Room with Queen bed near airport/South Keys Metro,"* 30 night or longer stays only (not a short term rental)<br /><br />Room with queen bed near airport, South Keys transit station,  South Keys shopping centre and 2 expo centers.  In quiet leafy neighborhood.  <br /><br />Quick bus or train to Carlton and Ottawa Universities.",Older neighborhood with mature trees and detached homes.   A nice walk across pedestrian bridge to the South Keys metro station and shopping centre.,https://a0.muscache.com/pictures/miso/Hosting-52057659/original/efbc5ecc-e622-4562-91af-20f2d189e323.jpeg,9319196,https://www.airbnb.com/users/show/9319196,Daniel,2013-10-09,"Ottawa, Canada","I Work in in the animation field.  Quiet, clean and friendly.  Married with child.",within an hour,100%,90%,t,https://a0.muscache.com/im/users/9319196/profile_pic/1381294729/original.jpg?aki_policy=profile_small,https://a0.muscache.com/im/users/9319196/profile_pic/1381294729/original.jpg?aki_policy=profile_x_medium,Hunt Club East - Western Community,2,5,"['email', 'phone']",t,t,Neighborhood highlights,River,,45.3505,-75.65774,Private room in home,Private room,1,1.5,1.5 baths,1.0,0.0,"[""Long term stays allowed"", ""Oven"", ""Host greets you"", ""Dining table"", ""Free parking on premises"", ""Air conditioning"", ""Free street parking"", ""Washer"", ""Hair dryer"", ""Refrigerator"", ""Portable fans"", ""Lock on bedroom door"", ""Fire extinguisher"", ""Wifi"", ""Heating"", ""Luggage dropoff allowed"", ""Body soap"", ""Essentials"", ""Hot water kettle"", ""Bed linens"", ""Children\u2019s books and toys"", ""Bathtub"", ""Shampoo"", ""Hangers"", ""Kitchen"", ""Drying rack for clothing"", ""Stove"", ""Dishes and silverware"", ""Microwave"", ""Dedicated workspace"", ""Cooking basics"", ""Hot water"", ""Carbon monoxide alarm"", ""Smoke alarm""]",$34.00,30,365,30,30,365,365,30.0,365.0,,t,0,0,0,268,2024-09-15,21,0,0,2021-09-07,2022-11-15,4.9,4.9,4.95,4.9,4.86,4.71,4.86,Exempt,f,2,0,2,0,0.57
986,53972563,https://www.airbnb.com/rooms/53972563,20240915172945,2024-09-15,city scrape,Full Suite w/ Private Entrance.  Personal Parking.,Get comfortable and enjoy plenty of extra room at this spacious in-law suite. Enjoy Netflix and other streaming services on a 60inch TV. Great Futon for extra sleep option.<br /><br />Enjoy free parking in dedicated parking slot free from obstruction by other parked vehicles.<br /><br />Located in a quiet neighborhood 11 minutes by car to the Centretown exit off HWY 416/417 and 6 mins to Bayshore Shopping Centre a large indoor shopping mall. Various parks within walking distance. 4 minutes walk to nearest bus stop.,"Quiet, serene, mature family oriented neighbourhood. Many nearby parks & tennis clubs  and cool chess board in closest park (500Metres)!",https://a0.muscache.com/pictures/727a8435-a212-4a33-b79e-db6cb3e1b718.jpg,304328870,https://www.airbnb.com/users/show/304328870,Daniel,2019-10-24,"Ottawa, Canada",,within an hour,100%,100%,t,https://a0.muscache.com/im/pictures/user/User-304328870/original/8a443758-9446-438a-bd53-b9acd5c13fc7.jpeg?aki_policy=profile_small,https://a0.muscache.com/im/pictures/user/User-304328870/original/8a443758-9446-438a-bd53-b9acd5c13fc7.jpeg?aki_policy=profile_x_medium,,1,1,"['email', 'phone']",t,t,Neighborhood highlights,College,,45.31921,-75.82253,Entire guest suite,Entire home/apt,3,1.0,1 bath,1.0,3.0,"[""Children\u2019s dinnerware"", ""Private backyard \u2013 Not fully fenced"", ""Outdoor furniture"", ""Long term stays allowed"", ""Head & shoulder, pert shampoo"", ""Central air conditioning"", ""Extra pillows and blankets"", ""Self check-in"", ""60 inch HDTV with Amazon Prime Video, Netflix, Roku"", ""Oven"", ""Dining table"", ""Free street parking"", ""Hair dryer"", ""Refrigerator"", ""Portable fans"", ""Fire extinguisher"", ""Wifi"", ""Coffee maker: french press, Keurig coffee machine"", ""Garden view"", ""Cleaning products"", ""Private patio or balcony"", ""Shower gel"", ""Essentials"", ""Portable heater"", ""Private entrance"", ""Hot water kettle"", ""Head & shoulder, pert conditioner"", ""Bed linens"", ""Outdoor dining area"", ""Keypad"", ""Park view"", ""Free washer \u2013 In unit"", ""Free driveway parking on premises \u2013 1 space"", ""Hangers"", ""Piano"", ""BBQ grill: gas"", ""Freezer"", ""Kitchen"", ""Wine glasses"", ""Drying rack for clothing"", ""Iron"", ""Dove  body soap"", ""Dishes and silverware"", ""Microwave"", ""Coffee"", ""Electric stove"", ""Dedicated workspace"", ""First aid kit"", ""Cooking basics"", ""Clothing storage: walk-in closet, closet, and dresser"", ""Baking sheet"", ""Hot water"", ""Central heating"", ""Carbon monoxide alarm"", ""Smoke alarm""]",$93.00,3,1125,2,5,1125,1125,5.0,1125.0,,t,11,28,28,28,2024-09-15,92,25,3,2022-01-05,2024-09-06,4.79,4.89,4.83,4.91,4.92,4.75,4.86,STR-827-784,t,1,1,0,0,2.8
1068,586144226915409758,https://www.airbnb.com/rooms/586144226915409758,20240915172945,2024-09-15,previous scrape,Modern 3 bedroom townhouse in downtown Ottawa,"Enjoy staying in the heart of downtown Ottawa in a modern townhouse with bohemian flair.  There is ample room for guests with one king bed and 2 queen beds. <br /><br />Parliament hill is a quick 15 min walk away with restaurants and nightlife practically at your doorstep in Somerset Village (at Bank/Somerset).<br /><br />For people driving to Ottawa, we offer a one car garage for a standard sized vehicle (large trucks and vans cannot be accommodated).","The unit is located in Centretown, mere blocks from Parliament Hill, Bank Street, and the night life of the Byward Market.",https://a0.muscache.com/pictures/hosting/Hosting-U3RheVN1cHBseUxpc3Rpbmc6NTg2MTQ0MjI2OTE1NDA5NzU4/original/38070c10-b5bd-4070-8e9d-454ec46b9a13.jpeg,450310096,https://www.airbnb.com/users/show/450310096,Daniel,2022-03-19,"Ottawa, Canada",,within an hour,100%,100%,t,https://a0.muscache.com/im/pictures/user/a7df64e5-4002-419e-a3a7-a9b5de789b34.jpg?aki_policy=profile_small,https://a0.muscache.com/im/pictures/user/a7df64e5-4002-419e-a3a7-a9b5de789b34.jpg?aki_policy=profile_x_medium,Centretown,1,1,"['email', 'phone']",t,t,Neighborhood highlights,Somerset,,45.41454315185547,-75.6978759765625,Entire townhouse,Entire home/apt,6,,1.5 baths,3.0,,"[""Private backyard \u2013 Not fully fenced"", ""Toaster"", ""Outdoor furniture"", ""TV"", ""Self check-in"", ""Central air conditioning"", ""Oven"", ""Coffee maker: Keurig coffee machine"", ""Conditioner"", ""Exercise equipment"", ""Dining table"", ""Free parking on premises"", ""Pets allowed"", ""Standalone high chair"", ""Hair dryer"", ""Bidet"", ""Refrigerator"", ""Wifi"", ""BBQ grill"", ""Cleaning products"", ""Private patio or balcony"", ""Shower gel"", ""Barbecue utensils"", ""Paid street parking off premises"", ""Essentials"", ""Free dryer \u2013 In unit"", ""Room-darkening shades"", ""Board games"", ""Private entrance"", ""Hot water kettle"", ""Bed linens"", ""Keypad"", ""Bathtub"", ""Shampoo"", ""Free washer \u2013 In unit"", ""Baby safety gates"", ""Hangers"", ""Mini fridge"", ""Freezer"", ""Kitchen"", ""Wine glasses"", ""Drying rack for clothing"", ""Iron"", ""Game console: Xbox One"", ""Aveeno body soap"", ""Microwave"", ""Dishes and silverware"", ""Stove"", ""Blender"", ""Rice maker"", ""Dishwasher"", ""Coffee"", ""Baking sheet"", ""Dedicated workspace"", ""Cooking basics"", ""Hot water"", ""Central heating"", ""Carbon monoxide alarm"", ""Smoke alarm""]",,1,10,1,2,10,10,1.1,10.0,,t,0,0,0,0,2024-09-15,55,23,2,2022-05-23,2024-09-08,5.0,5.0,4.96,4.95,4.96,4.93,4.87,STR-827-134,f,1,1,0,0,1.95
1276,703885667162779823,https://www.airbnb.com/rooms/703885667162779823,20240915172945,2024-09-15,city scrape,Room near South Keys transit and shopping centre,Monthly rental available for anyone who just wants a quick and convenient way to stay in Ottawa for a month or more without signing into rental leases or worrying about furniture and cutlery.   Note that this is a basement room so it will be cooler than upper levels year round.  Sweater required in winter.,,https://a0.muscache.com/pictures/miso/Hosting-703885667162779823/original/655fcb27-6736-401f-a722-6eeb53d3c86f.jpeg,9319196,https://www.airbnb.com/users/show/9319196,Daniel,2013-10-09,"Ottawa, Canada","I Work in in the animation field.  Quiet, clean and friendly.  Married with child.",within an hour,100%,90%,t,https://a0.muscache.com/im/users/9319196/profile_pic/1381294729/original.jpg?aki_policy=profile_small,https://a0.muscache.com/im/users/9319196/profile_pic/1381294729/original.jpg?aki_policy=profile_x_medium,Hunt Club East - Western Community,2,5,"['email', 'phone']",t,t,,River,,45.35183,-75.65758,Private room in home,Private room,1,1.5,1.5 shared baths,1.0,1.0,"[""Long term stays allowed"", ""Oven"", ""Host greets you"", ""Dining table"", ""Free parking on premises"", ""Air conditioning"", ""Free street parking"", ""Washer"", ""Refrigerator"", ""Portable fans"", ""Lock on bedroom door"", ""Fire extinguisher"", ""Wifi"", ""Heating"", ""Luggage dropoff allowed"", ""Essentials"", ""Hot water kettle"", ""Bed linens"", ""Bathtub"", ""Hangers"", ""Kitchen"", ""Drying rack for clothing"", ""Stove"", ""Dishes and silverware"", ""Microwave"", ""Dedicated workspace"", ""Cooking basics"", ""Hot water"", ""Carbon monoxide alarm"", ""Smoke alarm""]",$34.00,30,365,30,30,365,365,30.0,365.0,,t,6,36,66,341,2024-09-15,9,6,1,2023-04-08,2024-09-01,5.0,4.78,4.89,4.89,4.89,4.78,4.78,,f,2,0,2,0,0.51
1341,736090340434385208,https://www.airbnb.com/rooms/736090340434385208,20240915172945,2024-09-15,city scrape,New 1-bedroom apartment in trendy Hintonburg,"Welcome to 67 Merton St.  Pride of ownership is evident in our private, clean, centrally located apartment.  Located in the trendy Ottawa neighbourhood of Hintonburg (only 1km from downtown), our 1 bedroom apartment comes with all the amenities to make your stay comfortable and unforgetting.  Book now and enjoy bakeries, coffee shops, boutiques, transit,  and the City's finest restaurants at your doorstep.","67 Merton St is located within Hintonburg....a walkable, transit oriented neighbourhood.  Hintonburg is Ottawa's arts community and hosts numerous retail main streets including Wellington St and Parkdale St.  We are 1 block away from all amenities including grocery, pharmacy, coffee shops, bakery, liquor store, post office and numerous independent restaurants and boutiques.",https://a0.muscache.com/pictures/miso/Hosting-736090340434385208/original/79b47374-971c-40ce-898a-96bc255fee6f.jpeg,377566745,https://www.airbnb.com/users/show/377566745,Daniel,2020-11-29,"Ottawa, Canada",,within an hour,100%,98%,t,https://a0.muscache.com/im/pictures/user/13c430c9-75e5-48a3-b960-6322131ef5fe.jpg?aki_policy=profile_small,https://a0.muscache.com/im/pictures/user/13c430c9-75e5-48a3-b960-6322131ef5fe.jpg?aki_policy=profile_x_medium,,1,2,"['email', 'phone']",t,t,Neighborhood highlights,Kitchissippi,,45.4048975,-75.7253901,Entire guest suite,Entire home/apt,2,1.0,1 bath,1.0,1.0,"[""Toaster"", ""Self check-in"", ""Central air conditioning"", ""Extra pillows and blankets"", ""Laundromat nearby"", ""Conditioner"", ""Dining table"", ""Lockbox"", ""Free street parking"", ""Clothing storage: closet and dresser"", ""Hair dryer"", ""Refrigerator"", ""Fire extinguisher"", ""Wifi"", ""Coffee maker: french press, Keurig coffee machine"", ""Cleaning products"", ""Body soap"", ""Books and reading material"", ""Shower gel"", ""Essentials"", ""Free dryer \u2013 In unit"", ""Room-darkening shades"", ""Private entrance"", ""Hot water kettle"", ""Bed linens"", ""Bathtub"", ""Shampoo"", ""Free washer \u2013 In unit"", ""Hangers"", ""Mini fridge"", ""Kitchen"", ""Wine glasses"", ""Iron"", ""Dishes and silverware"", ""Ethernet connection"", ""Microwave"", ""Coffee"", ""Dishwasher"", ""Electric stove"", ""Dedicated workspace"", ""First aid kit"", ""Cooking basics"", ""48 inch HDTV with Amazon Prime Video, Netflix"", ""Hot water"", ""Central heating"", ""Carbon monoxide alarm"", ""Smoke alarm""]",$140.00,2,28,2,2,28,28,2.0,28.0,,t,2,2,2,6,2024-09-15,84,41,4,2022-11-06,2024-09-04,4.93,4.96,4.98,4.98,4.96,4.95,4.86,STR-828-943,f,1,1,0,0,3.71
1458,783174116636557546,https://www.airbnb.com/rooms/783174116636557546,20240915172945,2024-09-15,city scrape,Beautiful Basement Unit in Nepean Ottawa,Enjoy memorable time with your friends and family in this spacious and unique space.,,https://a0.muscache.com/pictures/miso/Hosting-783174116636557546/original/c402d9c5-b3eb-4ac7-8374-49c5a8b53c58.jpeg,203567613,https://www.airbnb.com/users/show/203567613,Daniel,2018-07-19,"Gatineau, Canada","I like to describe myself as being Kool, Kalm and Kollekted.

I believe in the virtue of love. It's the one element that makes the world go round - love that transcends beyond self!",within an hour,100%,99%,,https://a0.muscache.com/im/pictures/user/f381d2c1-a1e8-4b88-b99c-5ab1353cef5a.jpg?aki_policy=profile_small,https://a0.muscache.com/im/pictures/user/f381d2c1-a1e8-4b88-b99c-5ab1353cef5a.jpg?aki_policy=profile_x_medium,District de Riviere-Blanche,12,12,"['email', 'phone']",t,t,,Barrhaven,,45.2553075,-75.7454806,Entire guest suite,Entire home/apt,4,1.0,1 bath,2.0,2.0,"[""Clothing storage: closet, wardrobe, and dresser"", ""Toaster"", ""Long term stays allowed"", ""Self check-in"", ""Extra pillows and blankets"", ""Dining table"", ""Free parking on premises"", ""Air conditioning"", ""Washer"", ""Hair dryer"", ""Refrigerator"", ""Fire extinguisher"", ""40 inch TV with Fire TV"", ""Heating"", ""Luggage dropoff allowed"", ""Cleaning products"", ""Essentials"", ""Induction stove"", ""Hot water kettle"", ""Bed linens"", ""Keypad"", ""Fast wifi \u2013 69 Mbps"", ""Hangers"", ""Mini fridge"", ""Kitchen"", ""Exterior security cameras on property"", ""Drying rack for clothing"", ""Iron"", ""Dishes and silverware"", ""Microwave"", ""Dedicated workspace"", ""Cooking basics"", ""Hot water"", ""Carbon monoxide alarm"", ""Smoke alarm""]",$90.00,2,365,2,2,1125,1125,2.0,1125.0,,t,13,43,73,73,2024-09-15,42,19,0,2023-03-19,2024-08-04,4.88,4.81,4.93,4.95,5.0,4.9,4.81,STR-831-862,t,2,1,1,0,2.3
1501,806696456428691868,https://www.airbnb.com/rooms/806696456428691868,20240915172945,2024-09-15,city scrape,Top Floor Apartment in Central Ottawa,"Guests will enjoy the entire renovated third-floor of my house, which is located near Ottawa's most famous attractions, yet still offers a quiet space. Walking distance to the University of Ottawa, ByWard Market, Rideau Canal, Parliament Hill, embassies, restaurants, cafés and shops. <br />Free on-street parking is available throughout the neighbourhood.",,https://a0.muscache.com/pictures/miso/Hosting-806696456428691868/original/14ef986f-c5f5-4560-89e2-49febedd9340.jpeg,67561339,https://www.airbnb.com/users/show/67561339,Daniel,2016-04-17,"Ottawa, Canada",Local Knowledge Guru,within an hour,100%,98%,t,https://a0.muscache.com/im/pictures/user/0e234dba-7f52-4f97-aac5-101b6a54790b.jpg?aki_policy=profile_small,https://a0.muscache.com/im/pictures/user/0e234dba-7f52-4f97-aac5-101b6a54790b.jpg?aki_policy=profile_x_medium,Sandy Hill,1,1,"['email', 'phone']",t,t,,Rideau-Vanier,,45.43076,-75.67547,Private room in home,Private room,4,1.0,1 private bath,1.0,2.0,"[""TV"", ""Long term stays allowed"", ""Self check-in"", ""Extra pillows and blankets"", ""Kitchenette"", ""Dining table"", ""Free parking on premises"", ""Air conditioning"", ""Free street parking"", ""Washer"", ""Hair dryer"", ""Refrigerator"", ""Portable fans"", ""Lock on bedroom door"", ""Fire extinguisher"", ""Wifi"", ""Clothing storage: closet and wardrobe"", ""Luggage dropoff allowed"", ""Cleaning products"", ""Body soap"", ""Private patio or balcony"", ""Shower gel"", ""Essentials"", ""Room-darkening shades"", ""Private living room"", ""Hot water kettle"", ""Bed linens"", ""Keypad"", ""Shampoo"", ""Hangers"", ""Courtyard view"", ""Iron"", ""Dishes and silverware"", ""Microwave"", ""Coffee"", ""Dedicated workspace"", ""Hot water"", ""Central heating"", ""Carbon monoxide alarm"", ""Smoke alarm""]",$128.00,1,60,1,1,1125,1125,1.0,1125.0,,t,14,42,72,143,2024-09-15,76,37,1,2023-02-18,2024-08-19,4.83,4.82,4.97,4.87,4.89,4.86,4.75,STR-831-577,f,1,0,1,0,3.96
2113,1021638709329759649,https://www.airbnb.com/rooms/1021638709329759649,20240915172945,2024-09-15,city scrape,Centrally-located 2-bedroom Home w/free parking,"This charming 2-bedroom, 1-bathroom, unit is located on the first floor of a beautiful 80's building. Both bedrooms are equipped Queen-beds and all the necessities pictured. <br /><br />Equipped with everything you could possibly need, enjoy this spacious apartment within walking distance of restaurants, supermarkets, VIA Rial Station, museums and the world's largest skating rink (Rideau Canal).<br /><br />Unit has a designated parking spot in the driveway. ABSOLUTELY NO PARTIES OR SMOKING IN UNIT!!",,https://a0.muscache.com/pictures/4fe13708-a2bd-42e7-8d10-3ef8dcd5a4b9.jpg,408581069,https://www.airbnb.com/users/show/408581069,Daniel,2021-06-22,"Ottawa, Canada",,within an hour,100%,90%,f,https://a0.muscache.com/im/pictures/user/User-408581069/original/23a844cb-67d3-4462-86fa-1319845351e7.jpeg?aki_policy=profile_small,https://a0.muscache.com/im/pictures/user/User-408581069/original/23a844cb-67d3-4462-86fa-1319845351e7.jpeg?aki_policy=profile_x_medium,Industrial Park,2,3,"['email', 'phone']",t,t,,Alta Vista,,45.41751,-75.6391,Entire home,Entire home/apt,5,1.0,1 bath,2.0,2.0,"[""Long term stays allowed"", ""Oven"", ""Pets allowed"", ""Conditioner"", ""Free parking on premises"", ""Air conditioning"", ""Single level home"", ""50 inch HDTV with Chromecast"", ""Fire extinguisher"", ""Wifi"", ""Cleaning products"", ""Body soap"", ""Shower gel"", ""Life size games"", ""Essentials"", ""Clothing storage: closet"", ""Bed linens"", ""Theme room"", ""Bathtub"", ""Shampoo"", ""Hangers"", ""Arcade games"", ""Kitchen"", ""Stove"", ""Dishes and silverware"", ""Microwave"", ""Cooking basics"", ""First aid kit"", ""Hot water"", ""Central heating"", ""Carbon monoxide alarm"", ""Smoke alarm""]",$150.00,1,365,1,1,365,365,1.0,365.0,,t,0,19,49,313,2024-09-15,1,1,0,2023-12-31,2023-12-31,5.0,5.0,5.0,5.0,5.0,5.0,5.0,STR-838-683,f,2,2,0,0,0.12
2336,1101562937425330544,https://www.airbnb.com/rooms/1101562937425330544,20240915172945,2024-09-15,city scrape,Pet-friendly Apartment - Steps to Rideau Centre!,"This pet-friendly, 2-bedroom residence is conveniently situated just a few blocks away from the University of Ottawa and Rideau Centre. There are 2 separate King sized bedrooms and also a pull-out sofa bed in the living room. It has both living and dining areas, as well as a large kitchen with high-end appliances. There is also in suite laundry machines for your use. Free wifi and convenient onsite parking is available.","This apartment is situated in the heart of the chic Sandy Hill neighborhood, just a short walk away from all the prominent downtown landmarks, as well as Ottawa's most exceptional dining establishments, coffeehouses, museums, and art galleries. Sandy Hill (known in French as Côte-de-Sable) is a bilingual, historical neighbourhood located just east of downtown Ottawa. The area is located on the west of the Rideau Canal and on the east of the Rideau River. Sandy hill is situated within walking distance of the ByWard Market, so shares many services and shops of the market, including grocery stores and the transitway.<br /><br />The leafy district of Sandy Hill has a happening bar scene around the University of Ottawa, with hip brewpubs and live rock music. Bookshops, vintage clothes stores and coffee roasters add to the trendy vibe. Laurier House is a Victorian mansion museum and former home of two Canadian prime ministers, with live theatre events and afternoon tea. Summer Shakespeare pl",https://a0.muscache.com/pictures/prohost-api/Hosting-1101562937425330544/original/61ed358b-dc52-49dc-9564-e6b8854172e1.jpeg,477003686,https://www.airbnb.com/users/show/477003686,William,2022-08-27,,Welcome to Ottawa!  I'm so excited to have you! Please make yourself at home and let me know if there's anything at all you need during your stay. I'm passionate about traveling and hope to provide you with a comfortable home away from home.,within an hour,100%,100%,f,https://a0.muscache.com/im/pictures/user/8d385c01-2787-4d06-9092-a504573bf58f.jpg?aki_policy=profile_small,https://a0.muscache.com/im/pictures/user/8d385c01-2787-4d06-9092-a504573bf58f.jpg?aki_policy=profile_x_medium,Sandy Hill,1,10,['phone'],t,t,Neighborhood highlights,Rideau-Vanier,,45.4234175,-75.67917179999999,Entire rental unit,Entire home/apt,6,1.0,1 bath,2.0,3.0,"[""Toaster"", ""Smart lock"", ""TV"", ""Long term stays allowed"", ""Central air conditioning"", ""Self check-in"", ""Extra pillows and blankets"", ""Oven"", ""Coffee maker: Keurig coffee machine"", ""Pets allowed"", ""Single level home"", ""Hair dryer"", ""Refrigerator"", ""Fire extinguisher"", ""Wifi"", ""Essentials"", ""Free dryer \u2013 In unit"", ""Room-darkening shades"", ""Private entrance"", ""Hot water kettle"", ""Bed linens"", ""Shampoo"", ""Hangers"", ""Cleaning available during stay"", ""Paid parking lot off premises"", ""Kitchen"", ""Exterior security cameras on property"", ""Stove"", ""Iron"", ""Dishes and silverware"", ""Microwave"", ""Hot water"", ""Central heating"", ""Carbon monoxide alarm"", ""Smoke alarm""]",$127.00,1,365,1,3,365,365,2.8,365.0,,t,13,43,68,310,2024-09-15,18,18,2,2024-03-17,2024-08-22,4.56,4.72,4.44,4.89,4.94,4.72,4.33,STR-825-095,t,1,1,0,0,2.95
2445,1132909291427618246,https://www.airbnb.com/rooms/1132909291427618246,20240915172945,2024-09-15,city scrape,Jireh's Oasis - Ensuite R3,"Our brand-new home offers you a roomy, cozy & clean space in the Barrhaven suburbs of Ottawa. It's the perfect escape for relaxation - ideal for couples or solo travellers.<br /><br />📌Master bedroom suite<br />📌Off Highway 416<br />📌10 min-drive to most stores, restaurants, cinema<br />📌20 mins-drive to the Ottawa airport<br />📌30 mins-drive to Ottawa downtown<br /><br />  #Barrhaven #Ottawa #Airbnb","Your Barrhaven Oasis Awaits!<br /><br />Jireh Home is nestled in Barrhaven, a vibrant community southwest of Ottawa. Explore a variety of shops, restaurants, and parks all within easy reach. Relaxing green spaces and convenient access to the city make Barrhaven the perfect location for your getaway.  (#Barrhaven #Ottawa)",https://a0.muscache.com/pictures/miso/Hosting-1132909291427618246/original/7fd4f4f1-b61c-4277-98ed-0d34c12d8ba5.jpeg,571860435,https://www.airbnb.com/users/show/571860435,Daniel,2024-04-11,"Ottawa, Canada",,within an hour,100%,78%,t,https://a0.muscache.com/defaults/user_pic-50x50.png?v=3,https://a0.muscache.com/defaults/user_pic-225x225.png?v=3,,3,4,"['email', 'phone']",f,t,Neighborhood highlights,Barrhaven,,45.25048,-75.76024,Private room in home,Private room,2,1.5,1.5 baths,1.0,1.0,"[""Toaster"", ""Smart lock"", ""TV"", ""Long term stays allowed"", ""Self check-in"", ""Extra pillows and blankets"", ""Oven"", ""Dining table"", ""Free parking on premises"", ""Air conditioning"", ""Free street parking"", ""Washer"", ""Refrigerator"", ""Lock on bedroom door"", ""Fire extinguisher"", ""Wifi"", ""Dryer"", ""Heating"", ""Cleaning products"", ""Body soap"", ""Shower gel"", ""Hot water kettle"", ""Bed linens"", ""Coffee maker"", ""Shampoo"", ""Hangers"", ""Freezer"", ""Kitchen"", ""Dishes and silverware"", ""Microwave"", ""Dishwasher"", ""Clothing storage"", ""Electric stove"", ""Cooking basics"", ""First aid kit"", ""Hot water"", ""Carbon monoxide alarm"", ""Smoke alarm""]",$61.00,2,365,2,2,365,365,2.0,365.0,,t,21,51,81,261,2024-09-15,2,2,2,2024-08-16,2024-09-01,4.5,4.5,4.5,3.5,5.0,4.0,4.5,STR-840-460,f,3,0,3,0,2.0
2446,1132931906952814074,https://www.airbnb.com/rooms/1132931906952814074,20240915172945,2024-09-15,city scrape,Eden Alcove - R1,"Our brand-new home offers you a roomy, cozy & clean space in the Barrhaven suburbs of Ottawa. It's the perfect escape for relaxation - ideal for couples and leisure or solo travellers.<br /><br />📌Off Highway 416<br />📌10 min-drive to most stores, restaurants, cinema<br />📌20 mins-drive to the Ottawa airport<br />📌30 mins-deive to Ottawa downtown<br /><br />  #Barrhaven #Ottawa #Airbnb",,https://a0.muscache.com/pictures/miso/Hosting-1132931906952814074/original/a5885988-0325-40ff-a61b-baa941c0fdef.jpeg,571860435,https://www.airbnb.com/users/show/571860435,Daniel,2024-04-11,"Ottawa, Canada",,within an hour,100%,78%,t,https://a0.muscache.com/defaults/user_pic-50x50.png?v=3,https://a0.muscache.com/defaults/user_pic-225x225.png?v=3,,3,4,"['email', 'phone']",f,t,,Barrhaven,,45.25042,-75.76037,Private room in home,Private room,2,1.0,1 bath,1.0,1.0,"[""Toaster"", ""Smart lock"", ""TV"", ""Long term stays allowed"", ""Self check-in"", ""Oven"", ""Free parking on premises"", ""Air conditioning"", ""Free street parking"", ""Washer"", ""Refrigerator"", ""Lock on bedroom door"", ""Fire extinguisher"", ""Wifi"", ""Cleaning products"", ""Body soap"", ""Shower gel"", ""Essentials"", ""Bed linens"", ""Outdoor dining area"", ""Bathtub"", ""Coffee maker"", ""Waterfront"", ""Freezer"", ""Kitchen"", ""Stove"", ""Iron"", ""Dishes and silverware"", ""Dishwasher"", ""Clothing storage"", ""Free dryer \u2013 In building"", ""First aid kit"", ""Cooking basics"", ""Central heating"", ""Carbon monoxide alarm"", ""Smoke alarm""]",$51.00,1,365,1,1,365,365,1.0,365.0,,t,14,44,74,254,2024-09-15,6,6,1,2024-04-30,2024-08-31,4.33,4.33,4.33,4.33,4.33,4.67,4.33,STR-840-460,f,3,0,3,0,1.29
2453,1135157059737971581,https://www.airbnb.com/rooms/1135157059737971581,20240915172945,2024-09-15,city scrape,Shaddai's Pad - Ensuite R5,"Unveiling Shaddai's Pad: A Spacious Basement Retreat! Escape the ordinary in this expansive finished basement. Plush couches create a cozy haven for movie marathons or game nights. Perfect for families or friend groups, this hidden gem offers ample space to unwind and reconnect after exploring Ottawa's wonders.",,https://a0.muscache.com/pictures/miso/Hosting-1132909291427618246/original/a4ec9aa5-78b6-48a6-b2d2-cc7d224ae922.jpeg,571860435,https://www.airbnb.com/users/show/571860435,Daniel,2024-04-11,"Ottawa, Canada",,within an hour,100%,78%,t,https://a0.muscache.com/defaults/user_pic-50x50.png?v=3,https://a0.muscache.com/defaults/user_pic-225x225.png?v=3,,3,4,"['email', 'phone']",f,t,,Barrhaven,,45.25019,-75.76017,Private room in home,Private room,2,1.5,1.5 baths,1.0,0.0,"[""Fire extinguisher"", ""Wifi"", ""Smart lock"", ""TV"", ""Kitchen"", ""Self check-in"", ""Lock on bedroom door"", ""Free parking on premises"", ""Air conditioning"", ""Washer"", ""First aid kit"", ""Cooking basics"", ""Carbon monoxide alarm"", ""Smoke alarm""]",$61.00,2,365,2,2,365,365,2.0,365.0,,t,0,13,43,223,2024-09-15,0,0,0,,,,,,,,,,STR-840-460,f,3,0,3,0,
2474,1139291666107023436,https://www.airbnb.com/rooms/1139291666107023436,20240915172945,2024-09-15,city scrape,Centrally Located Basement Pad - Book Now!,"This charming 1-bedroom, 1-bathroom, unit is located in basement of a beautiful 60's home. Bedroom is equipped with a FULL sized bed; along with the expandable couch-futon.<br /><br />Equipped with everything you could possibly need, enjoy this spacious apartment within walking distance of restaurants, supermarkets, business offices, museums and the world's largest skating rink (Rideau Canal).<br /><br />On street parking available for 1 vehicle.",,https://a0.muscache.com/pictures/hosting/Hosting-1139291666107023436/original/e80bd934-31cf-4187-a4d1-a6637a9fea19.jpeg,408581069,https://www.airbnb.com/users/show/408581069,Daniel,2021-06-22,"Ottawa, Canada",,within an hour,100%,90%,f,https://a0.muscache.com/im/pictures/user/User-408581069/original/23a844cb-67d3-4462-86fa-1319845351e7.jpeg?aki_policy=profile_small,https://a0.muscache.com/im/pictures/user/User-408581069/original/23a844cb-67d3-4462-86fa-1319845351e7.jpeg?aki_policy=profile_x_medium,Industrial Park,2,3,"['email', 'phone']",t,t,,Alta Vista,,45.4188,-75.64054,Entire home,Entire home/apt,2,1.0,1 bath,1.0,1.0,"[""Arcade games"", ""Fire extinguisher"", ""Wifi"", ""TV"", ""Bed linens"", ""Heating"", ""Microwave"", ""Carbon monoxide alarm"", ""Cleaning products"", ""Shampoo"", ""Body soap"", ""Free street parking"", ""Shower gel"", ""Washer"", ""Hangers"", ""Hot water"", ""Essentials"", ""Smoke alarm""]",$85.00,1,365,1,1,365,365,1.0,365.0,,t,3,3,3,75,2024-09-15,7,7,0,2024-05-04,2024-08-04,4.71,5.0,5.0,5.0,4.86,4.43,4.43,STR-838-683,f,2,2,0,0,1.56
2644,1194819122020180053,https://www.airbnb.com/rooms/1194819122020180053,20240915172945,2024-09-15,previous scrape,Lovely Room Nepean Ottawa,Enjoy your time in Ottawa at this peaceful place to stay.,,https://a0.muscache.com/pictures/miso/Hosting-1194798647554411787/original/ece9b5f8-17f1-497c-9ab7-f5dbea1d4955.jpeg,203567613,https://www.airbnb.com/users/show/203567613,Daniel,2018-07-19,"Gatineau, Canada","I like to describe myself as being Kool, Kalm and Kollekted.

I believe in the virtue of love. It's the one element that makes the world go round - love that transcends beyond self!",within an hour,100%,99%,,https://a0.muscache.com/im/pictures/user/f381d2c1-a1e8-4b88-b99c-5ab1353cef5a.jpg?aki_policy=profile_small,https://a0.muscache.com/im/pictures/user/f381d2c1-a1e8-4b88-b99c-5ab1353cef5a.jpg?aki_policy=profile_x_medium,District de Riviere-Blanche,12,12,"['email', 'phone']",t,t,,Barrhaven,,45.25499,-75.74475,Private room in home,Private room,1,,1 shared bath,,,"[""TV"", ""Conditioner"", ""Air conditioning"", ""Hair dryer"", ""Fire extinguisher"", ""Wifi"", ""Heating"", ""Cleaning products"", ""Body soap"", ""Shower gel"", ""Essentials"", ""Room-darkening shades"", ""Bed linens"", ""Bathtub"", ""Shampoo"", ""Hangers"", ""Exterior security cameras on property"", ""Iron"", ""Clothing storage"", ""Dedicated workspace"", ""Hot water"", ""Carbon monoxide alarm"", ""Smoke alarm""]",,2,365,2,2,365,365,2.0,365.0,,t,0,0,0,0,2024-09-15,0,0,0,,,,,,,,,,STR-831-862,f,2,1,1,0,
